"State","Measure Name","Measure ID","Score","Footnote","Measure Start Date","Measure End Date"
"AK","Medicare hospital spending per patient (Medicare Spending per Beneficiary)","MSPB_1","0.92","14 - The results for this state are combined with nearby states to protect confidentiality., 20 - State and national averages do not include VHA hospital data.","01/01/2015","12/31/2015"
"AL","Medicare hospital spending per patient (Medicare Spending per Beneficiary)","MSPB_1","0.98","20 - State and national averages do not include VHA hospital data.","01/01/2015","12/31/2015"
"AR","Medicare hospital spending per patient (Medicare Spending per Beneficiary)","MSPB_1","0.98","20 - State and national averages do not include VHA hospital data.","01/01/2015","12/31/2015"
"AS","Medicare hospital spending per patient (Medicare Spending per Beneficiary)","MSPB_1","Not Available","9 - No data are available from the state/territory for this reporting period., 20 - State and national averages do not include VHA hospital data.","01/01/2015","12/31/2015"
"AZ","Medicare hospital spending per patient (Medicare Spending per Beneficiary)","MSPB_1","0.93","20 - State and national averages do not include VHA hospital data.","01/01/2015","12/31/2015"
"CA","Medicare hospital spending per patient (Medicare Spending per Beneficiary)","MSPB_1","0.99","20 - State and national averages do not include VHA hospital data.","01/01/2015","12/31/2015"
"CO","Medicare hospital spending per patient (Medicare Spending per Beneficiary)","MSPB_1","0.97","20 - State and national averages do not include VHA hospital data.","01/01/2015","12/31/2015"
"CT","Medicare hospital spending per patient (Medicare Spending per Beneficiary)","MSPB_1","1.01","20 - State and national averages do not include VHA hospital data.","01/01/2015","12/31/2015"
"DC","Medicare hospital spending per patient (Medicare Spending per Beneficiary)","MSPB_1","0.99","14 - The results for this state are combined with nearby states to protect confidentiality., 20 - State and national averages do not include VHA hospital data.","01/01/2015","12/31/2015"
"DE","Medicare hospital spending per patient (Medicare Spending per Beneficiary)","MSPB_1","0.99","14 - The results for this state are combined with nearby states to protect confidentiality., 20 - State and national averages do not include VHA hospital data.","01/01/2015","12/31/2015"
"FL","Medicare hospital spending per patient (Medicare Spending per Beneficiary)","MSPB_1","1.03","20 - State and national averages do not include VHA hospital data.","01/01/2015","12/31/2015"
"GA","Medicare hospital spending per patient (Medicare Spending per Beneficiary)","MSPB_1","0.96","20 - State and national averages do not include VHA hospital data.","01/01/2015","12/31/2015"
"GU","Medicare hospital spending per patient (Medicare Spending per Beneficiary)","MSPB_1","Not Available","9 - No data are available from the state/territory for this reporting period., 20 - State and national averages do not include VHA hospital data.","01/01/2015","12/31/2015"
"HI","Medicare hospital spending per patient (Medicare Spending per Beneficiary)","MSPB_1","0.88","20 - State and national averages do not include VHA hospital data.","01/01/2015","12/31/2015"
"IA","Medicare hospital spending per patient (Medicare Spending per Beneficiary)","MSPB_1","0.93","20 - State and national averages do not include VHA hospital data.","01/01/2015","12/31/2015"
"ID","Medicare hospital spending per patient (Medicare Spending per Beneficiary)","MSPB_1","0.93","20 - State and national averages do not include VHA hospital data.","01/01/2015","12/31/2015"
"IL","Medicare hospital spending per patient (Medicare Spending per Beneficiary)","MSPB_1","1","20 - State and national averages do not include VHA hospital data.","01/01/2015","12/31/2015"
"IN","Medicare hospital spending per patient (Medicare Spending per Beneficiary)","MSPB_1","1","20 - State and national averages do not include VHA hospital data.","01/01/2015","12/31/2015"
"KS","Medicare hospital spending per patient (Medicare Spending per Beneficiary)","MSPB_1","1","20 - State and national averages do not include VHA hospital data.","01/01/2015","12/31/2015"
"KY","Medicare hospital spending per patient (Medicare Spending per Beneficiary)","MSPB_1","0.97","20 - State and national averages do not include VHA hospital data.","01/01/2015","12/31/2015"
"LA","Medicare hospital spending per patient (Medicare Spending per Beneficiary)","MSPB_1","1.04","20 - State and national averages do not include VHA hospital data.","01/01/2015","12/31/2015"
"MA","Medicare hospital spending per patient (Medicare Spending per Beneficiary)","MSPB_1","1.01","20 - State and national averages do not include VHA hospital data.","01/01/2015","12/31/2015"
"MD","Medicare hospital spending per patient (Medicare Spending per Beneficiary)","MSPB_1","Not Available","9 - No data are available from the state/territory for this reporting period., 20 - State and national averages do not include VHA hospital data.","01/01/2015","12/31/2015"
"ME","Medicare hospital spending per patient (Medicare Spending per Beneficiary)","MSPB_1","0.95","20 - State and national averages do not include VHA hospital data.","01/01/2015","12/31/2015"
"MI","Medicare hospital spending per patient (Medicare Spending per Beneficiary)","MSPB_1","0.97","20 - State and national averages do not include VHA hospital data.","01/01/2015","12/31/2015"
"MN","Medicare hospital spending per patient (Medicare Spending per Beneficiary)","MSPB_1","0.9","20 - State and national averages do not include VHA hospital data.","01/01/2015","12/31/2015"
"MO","Medicare hospital spending per patient (Medicare Spending per Beneficiary)","MSPB_1","0.95","20 - State and national averages do not include VHA hospital data.","01/01/2015","12/31/2015"
"MP","Medicare hospital spending per patient (Medicare Spending per Beneficiary)","MSPB_1","Not Available","9 - No data are available from the state/territory for this reporting period., 20 - State and national averages do not include VHA hospital data.","01/01/2015","12/31/2015"
"MS","Medicare hospital spending per patient (Medicare Spending per Beneficiary)","MSPB_1","1","20 - State and national averages do not include VHA hospital data.","01/01/2015","12/31/2015"
"MT","Medicare hospital spending per patient (Medicare Spending per Beneficiary)","MSPB_1","0.9","20 - State and national averages do not include VHA hospital data.","01/01/2015","12/31/2015"
"NC","Medicare hospital spending per patient (Medicare Spending per Beneficiary)","MSPB_1","0.94","20 - State and national averages do not include VHA hospital data.","01/01/2015","12/31/2015"
"ND","Medicare hospital spending per patient (Medicare Spending per Beneficiary)","MSPB_1","0.9","14 - The results for this state are combined with nearby states to protect confidentiality., 20 - State and national averages do not include VHA hospital data.","01/01/2015","12/31/2015"
"NE","Medicare hospital spending per patient (Medicare Spending per Beneficiary)","MSPB_1","0.98","20 - State and national averages do not include VHA hospital data.","01/01/2015","12/31/2015"
"NH","Medicare hospital spending per patient (Medicare Spending per Beneficiary)","MSPB_1","0.99","14 - The results for this state are combined with nearby states to protect confidentiality., 20 - State and national averages do not include VHA hospital data.","01/01/2015","12/31/2015"
"NJ","Medicare hospital spending per patient (Medicare Spending per Beneficiary)","MSPB_1","1.07","20 - State and national averages do not include VHA hospital data.","01/01/2015","12/31/2015"
"NM","Medicare hospital spending per patient (Medicare Spending per Beneficiary)","MSPB_1","0.89","20 - State and national averages do not include VHA hospital data.","01/01/2015","12/31/2015"
"NV","Medicare hospital spending per patient (Medicare Spending per Beneficiary)","MSPB_1","1","20 - State and national averages do not include VHA hospital data.","01/01/2015","12/31/2015"
"NY","Medicare hospital spending per patient (Medicare Spending per Beneficiary)","MSPB_1","0.97","20 - State and national averages do not include VHA hospital data.","01/01/2015","12/31/2015"
"OH","Medicare hospital spending per patient (Medicare Spending per Beneficiary)","MSPB_1","1.02","20 - State and national averages do not include VHA hospital data.","01/01/2015","12/31/2015"
"OK","Medicare hospital spending per patient (Medicare Spending per Beneficiary)","MSPB_1","0.94","20 - State and national averages do not include VHA hospital data.","01/01/2015","12/31/2015"
"OR","Medicare hospital spending per patient (Medicare Spending per Beneficiary)","MSPB_1","0.89","20 - State and national averages do not include VHA hospital data.","01/01/2015","12/31/2015"
"PA","Medicare hospital spending per patient (Medicare Spending per Beneficiary)","MSPB_1","1","20 - State and national averages do not include VHA hospital data.","01/01/2015","12/31/2015"
"PR","Medicare hospital spending per patient (Medicare Spending per Beneficiary)","MSPB_1","Not Available","9 - No data are available from the state/territory for this reporting period., 20 - State and national averages do not include VHA hospital data.","01/01/2015","12/31/2015"
"RI","Medicare hospital spending per patient (Medicare Spending per Beneficiary)","MSPB_1","0.98","20 - State and national averages do not include VHA hospital data.","01/01/2015","12/31/2015"
"SC","Medicare hospital spending per patient (Medicare Spending per Beneficiary)","MSPB_1","0.97","20 - State and national averages do not include VHA hospital data.","01/01/2015","12/31/2015"
"SD","Medicare hospital spending per patient (Medicare Spending per Beneficiary)","MSPB_1","0.9","14 - The results for this state are combined with nearby states to protect confidentiality., 20 - State and national averages do not include VHA hospital data.","01/01/2015","12/31/2015"
"TN","Medicare hospital spending per patient (Medicare Spending per Beneficiary)","MSPB_1","1.01","20 - State and national averages do not include VHA hospital data.","01/01/2015","12/31/2015"
"TX","Medicare hospital spending per patient (Medicare Spending per Beneficiary)","MSPB_1","1.04","20 - State and national averages do not include VHA hospital data.","01/01/2015","12/31/2015"
"UT","Medicare hospital spending per patient (Medicare Spending per Beneficiary)","MSPB_1","0.98","20 - State and national averages do not include VHA hospital data.","01/01/2015","12/31/2015"
"VA","Medicare hospital spending per patient (Medicare Spending per Beneficiary)","MSPB_1","0.95","20 - State and national averages do not include VHA hospital data.","01/01/2015","12/31/2015"
"VI","Medicare hospital spending per patient (Medicare Spending per Beneficiary)","MSPB_1","Not Available","9 - No data are available from the state/territory for this reporting period., 20 - State and national averages do not include VHA hospital data.","01/01/2015","12/31/2015"
"VT","Medicare hospital spending per patient (Medicare Spending per Beneficiary)","MSPB_1","0.99","14 - The results for this state are combined with nearby states to protect confidentiality., 20 - State and national averages do not include VHA hospital data.","01/01/2015","12/31/2015"
"WA","Medicare hospital spending per patient (Medicare Spending per Beneficiary)","MSPB_1","0.92","14 - The results for this state are combined with nearby states to protect confidentiality., 20 - State and national averages do not include VHA hospital data.","01/01/2015","12/31/2015"
"WI","Medicare hospital spending per patient (Medicare Spending per Beneficiary)","MSPB_1","0.93","20 - State and national averages do not include VHA hospital data.","01/01/2015","12/31/2015"
"WV","Medicare hospital spending per patient (Medicare Spending per Beneficiary)","MSPB_1","0.95","20 - State and national averages do not include VHA hospital data.","01/01/2015","12/31/2015"
"WY","Medicare hospital spending per patient (Medicare Spending per Beneficiary)","MSPB_1","0.92","20 - State and national averages do not include VHA hospital data.","01/01/2015","12/31/2015"
